2,Gdso
3,y)59
2,Gdso
3,y)59
4,rNAN
5,BSN
6,IshQ
7,Ø¯G
8,Vsba
9,oPk
12,wuPn
13,gris
14,QB9Z
15,c
2,Gdso
3,y)59
4,rNAN
5,BSN
6,IshQ
7,Ø¯G
8,Vsba
9,oPk
12,wuPn
2,Gdso
2,Gdso
3,y)59
4,rNAN
5,BSN
6,IshQ
7,Ø¯G
8,Vsba
9,oPk
12,wuPn
13,gris
14,QB9Z
15,c
16,L
17,zag
18,HEXY
19,A7G
21,ywp
22,A6L
23,pgv
27,69x9
30,9)b
32,53
33,vnSa
34,BVi
35,5F4
37,TAVB
38,GBCH
39,wYC
41,Tta
42,PRQR
43,MrU
44,LFU
45,arce
46,Lfa
47,XRXe
49,uvb
50,t62
56,rXy
57,¡²Q(t
58,XOR
59,tt 6
60,f759
61,TSR
63,927y
64,Pkp
65,RF<G
66,gYu
69,nMr
71,sUCy
72,cD¡·A
73,°ìDn
74,)x
75,a36
76,Kwm
77,Casy
78,aHx(
80,eQ2Vv
82,(zsH
83,Dont
84,2f4z
85,If
86,pebD
87,xa7
88,aby
89,57P
90,ta¡¿F
91,GhG
92,NÈé4H
93,LHC
95,OXEn
96,peg
97,ReN
100,qKz
101,thy
102,ze&E
103,CTHe
104,VNY
106,yAya
107,y
108,pGa
109,GSy)
110,gAh
112,MGÓÃ
